category,score,source_id,paper_title,source_file,section_or_page,object_type,object_name,short_claim_summary,verbatim_or_near_verbatim_claim,citation_pointer,version_preference_status,canonical_status,AASC_family,AASC_subfamily,kernel_role,interface_role,closure_role,gate_role,impossibility_role,construction_role
A_bridge_endpoint,34,AASC-EX6-DEF-12-1,Endpoint and Boundary Exactness,EX6 Endpoint and Boundary Exactness/EX6__Endpoint_and_Boundary_Exactness.pdf,EX6 p. 11 / Definition 12.1,Definition,Boundary-trace fiber,BTrFibD (x) = {τ : τ is an admissible declared boundary trace compatible with BD (x)}.,BTrFibD (x) = {τ : τ is an admissible declared boundary trace compatible with BD (x)}. Boundary trace status EX6 meaning absent no boundary fixation exists singleton stable boundary-fix candidate multiple boundary ambiguity remains unstable boundary role fails closed outcome-conditioned hidden selector calibration-derived EX5 blocked undeclared scope extension or inadmissible import,EX6 Definition 12.1,,Canonical uploaded PDF source; object-level row may later be merged with exact duplicate/reformulation if corpus-wide duplicate found.,General AASC numerical-exactness / extraction / reportability layer,Exactness ARC,,,,Classification/gating boundary for exactness status,Exclusion / nonpromotion / no-laundering constraint,Controls admissible numerical construction and exactness reporting
A_bridge_endpoint,34,MIL-MILLENNIUM_ZIP_Carrier_Universalit_9AAFB1-THM-085,Carrier Universality and Global Smoothness for the Periodic 3D Navier-Stokes Equations A closure-induced impossibility proof of Feffermanś periodic statement (B),MILLENNIUM_ZIP_Carrier_Universality_and_Global_Smoothness_for_the_Periodic_3D_Navier_Stokes_Equations.pdf,Page 153; formal number 21.17,Theorem,standing-failure branch theorem-local,"standing-failure branch theorem-local before the endpoint compression. Local analytic Appendix B: Proposition B.1 through Supplies the exact periodic realization packet Corollary B.8 local-PDE inputs used in the (self-contained) realization bridge. Broader context or The continuation-mechanism / existence Useful for comparison, translation, provenance only reformulations of...","Theorem 21.17 standing-failure branch theorem-local before the endpoint compression. Local analytic Appendix B: Proposition B.1 through Supplies the exact periodic realization packet Corollary B.8 local-PDE inputs used in the (self-contained) realization bridge. Broader context or The continuation-mechanism / existence Useful for comparison, translation, provenance only reformulations of Sections 13.2B-13.2D; provenance, and later hardening (non-load-bearing) Appendices C-D; bibliography items directions, but not needed to retained for history/source traceability; complete the endpoint proof once the and the external corpus titles recorded only live source freeze is enforced. in the Phase-0 source-role matrix","MILLENNIUM_ZIP_Carrier_Universality_and_Global_Smoothness_for_the_Periodic_3D_Navier_Stokes_Equations.pdf, p. 153",,Candidate canonical object from source PDF,Closure / impossibility / exhaustion layer,"closure, exhaustion, impossibility, no-repair, no-generator, no-carrier control","Directly constrains admissibility, standing, reference fixation, confirmation, identity preservation, well-definedness, or irreversibility.",,"Provides closure, exhaustion, minimality, uniqueness, rigidity, maximality, gap/smoothness, forced-existence, forcing, or certificate support.",Gate/envelope/scope/modality/classification/audit-control role.,"Blocks illicit primitive, repair, surrogate, overreach, compatibility, sector, or standing-laundering moves.","Controls admissible construction or application in a formal, physical, analytic, sector, numerical, or engineering regime."
A_bridge_endpoint,33,AOTCS-CS_ARC_CS2_Same_C10F5F-DEF-003,"Same-Target Alignment of Spectral, Mixing, and Residue Carriers in the Cross-Sector Singleton ARC Admissibility And Standing Constraint (AASC) Cross-Sector Singleton Candidates ARC, Paper II",CS_ARC_CS2_Same_Target_Alignment_of_Spectral__Mixing__and_Residue_Carriers.pdf,Page 8; formal number 3.3,Definition,Residue node,"A residue node is a finite or quotient-level object that survives admissible redescription and may constrain value class, chamber, branch, endpoint, phase, holonomy, charge class, family ledger, or boundary trace. Examples include δl = 2/9, Z3 structure, finite holonomy classes, boundary trace residues, and family-cardinality records.","Definition 3.3 (Residue node). A residue node is a finite or quotient-level object that survives admissible redescription and may constrain value class, chamber, branch, endpoint, phase, holonomy, charge class, family ledger, or boundary trace. Examples include δl = 2/9, Z3 structure, finite holonomy classes, boundary trace residues, and family-cardinality records.","CS_ARC_CS2_Same_Target_Alignment_of_Spectral__Mixing__and_Residue_Carriers.pdf, p. 8",,Candidate canonical object from source PDF,Physics structural-recovery layer,"Standard Model, gauge, charge, chiral, Yukawa, mass, mixing, phase, holonomy recovery","Directly constrains admissibility, standing, reference fixation, confirmation, identity preservation, or irreversibility.","Controls AASC interface formation, metric/nonmetric status, admissible interior, quotient/projection, or bookkeeping interpretation.",,Gate/envelope/scope/modality/classification/audit-control role.,,"Controls admissible construction or application in a formal, physical, agentic, numerical, or engineering regime."
A_bridge_endpoint,32,AASC-EX6-DEF-8-1,Endpoint and Boundary Exactness,EX6 Endpoint and Boundary Exactness/EX6__Endpoint_and_Boundary_Exactness.pdf,EX6 p. 9 / Definition 8.1,Definition,Endpoint-skin,"Two endpoint branches satisfy e1 ∼Eskin e2 iff their difference preserves standing-bearing carrier identity, declared domain identity, operator/evaluation domain, admissible realization structure, boundary trace, exactness status, and terminal endpoint-refi...","Two endpoint branches satisfy e1 ∼Eskin e2 iff their difference preserves standing-bearing carrier identity, declared domain identity, operator/evaluation domain, admissible realization structure, boundary trace, exactness status, and terminal endpoint-refinement outcome.",EX6 Definition 8.1,,Canonical uploaded PDF source; object-level row may later be merged with exact duplicate/reformulation if corpus-wide duplicate found.,General AASC numerical-exactness / extraction / reportability layer,Exactness ARC,,,,Classification/gating boundary for exactness status,,Controls admissible numerical construction and exactness reporting
A_bridge_endpoint,32,ERK20260527-New_erk_files_May_C624FE-CLM-002,"The Standalone Standard Model Structure from First Principles An AASC Derivation of Gauge-Product, Representation, Higgs/Bridge, Yukawa, Charge, Anomaly, Vacuum, and Parameter-Status Structure",New_erk_files_May_27_The_Standalone_Standard_Model_Structure_from_First_Principles.pdf,Page 53; formal number P,Claim,rimary support Spine use Status,Claim Primary support Spine use Status Charged-lepton role CLM; CLQ; CLR phase/carrier input for module / residue is 2/9 first parameter module conditional Carrier radius is fixed CLQ; CLR forces η 2 = 1/2 achieved in by Kl = 2/3 module Z3 -circulant carrier CLR v4.6 charged-lepton first achieved gives one-anchor parameter-sector conditional on readout...,"Claim Primary support Spine use Status Charged-lepton role CLM; CLQ; CLR phase/carrier input for module / residue is 2/9 first parameter module conditional Carrier radius is fixed CLQ; CLR forces η 2 = 1/2 achieved in by Kl = 2/3 module Z3 -circulant carrier CLR v4.6 charged-lepton first achieved gives one-anchor parameter-sector conditional on readout endpoint same coordinate carrier admission Observed mμ , mτ are CLN; CLR; CLS calibration firewall achieved by not construction dependency inputs graph","New_erk_files_May_27_The_Standalone_Standard_Model_Structure_from_First_Principles.pdf, p. 53",Preferred hardened version,Preferred hardened candidate from May 27 ERK source PDF,Physics structural-recovery layer,"Standard Model, gauge, charge, chiral, Yukawa, mass, mixing, phase, holonomy recovery",,,"Provides closure, exhaustion, minimality, uniqueness, rigidity, maximality, forcing, or certificate support.",,,"Controls admissible construction or application in a formal, physical, agentic, numerical, or engineering regime."
A_bridge_endpoint,31,GRR-Gauge_Vacuum_Compatibility_351216-DEF-004,"Gauge-Vacuum Compatibility Vacuum Standing, Symmetry-Breaking Admissibility, and the Bridge to Mass-Generation Rigidity",Gauge_Vacuum_Compatibility.pdf,Page 8; formal number 5.4,Definition,Gauge-vacuum compatibility,"GVac∂D (VD , ZD ) holds when the vacuum-supported ledger preserves: local transition organization; transport comparison; loop residue; representation response; charge witnesses; anomaly neutrality; particle/excitation distinction; field-carrier baseline; quotient comparison; bounded transport; boundary traces; deformation-response baseline; and restoration...","Definition 5.4 (Gauge-vacuum compatibility). GVac∂D (VD , ZD ) holds when the vacuum-supported ledger preserves: local transition organization; transport comparison; loop residue; representation response; charge witnesses; anomaly neutrality; particle/excitation distinction; field-carrier baseline; quotient comparison; bounded transport; boundary traces; deformation-response baseline; and restoration baseline.","Gauge_Vacuum_Compatibility.pdf, p. 8",,Candidate canonical object from source PDF,Physics structural-recovery layer,"Standard Model, gauge, charge, chiral, Yukawa, mass, mixing, phase, holonomy recovery","Directly constrains admissibility, standing, reference fixation, confirmation, identity preservation, or irreversibility.","Controls AASC interface formation, metric/nonmetric status, admissible interior, quotient/projection, or bookkeeping interpretation.",,Gate/envelope/scope/modality/classification/audit-control role.,,"Controls admissible construction or application in a formal, physical, agentic, or engineering regime."
B_role_compression,31,SMR-Abelian_Charge_Ratio_Rigidity_67EFF9-EXM-001,"Abelian Charge-Ratio Rigidity in the Admissible Gauge Arena Normalization, Ratio, and Abelian Role-Standing over the SR3 Representation Survivor Class SR4 - Standard-Model Realization Rigidity Arc",Abelian_Charge_Ratio_Rigidity_in_the_Admissible_Gauge_Arena.pdf,Page 23; formal number 26.1,Example,Finite charge-role compression,"Let R1 , R2 , R3 be SR3-surviving representationresponse roles. Consider raw charge coordinate presentations","Example 26.1 (Finite charge-role compression). Let R1 , R2 , R3 be SR3-surviving representationresponse roles. Consider raw charge coordinate presentations","Abelian_Charge_Ratio_Rigidity_in_the_Admissible_Gauge_Arena.pdf, p. 23",,Candidate canonical object from source PDF,Physics structural-recovery layer,"Standard Model, gauge, charge, chiral, Yukawa, mass, mixing, phase, holonomy recovery","Directly constrains admissibility, standing, reference fixation, confirmation, identity preservation, or irreversibility.",,,,,"Controls admissible construction or application in a formal, physical, agentic, or engineering regime."
B_role_compression,31,SMR-Residual_Vacuum_Sector_Rigidity_30F37D-EXM-001,Residual Vacuum-Sector Rigidity in the Admissible Gauge Arena Residual Normal-Form Collapse over the SR5 Anomaly Survivor Class SR6 - Standard-Model Realization Rigidity Arc,Residual_Vacuum_Sector_Rigidity_in_the_Admissible_Gauge_Arena.pdf,Page 23; formal number 28.1,Example,Finite residual role compression,"Let the SR5 survivor ledger contain three anomaly-neutral classes Z1 , Z2 , Z3 . Consider residual candidates R0 , Rgfix , Rvac , Rord , Rch , Ranom . Evaluate each candidate against the flags (Vac, Red, Probe, Prod, Rep, Ch, Anom, Quot, GFix, Ord, Scalar, Def). Suppose R0 passes all flags, Rgfix fails GFix, Rvac fails Vac, Rord fails Ord, Rch fails Ch, and...","Example 28.1 (Finite residual role compression). Let the SR5 survivor ledger contain three anomaly-neutral classes Z1 , Z2 , Z3 . Consider residual candidates R0 , Rgfix , Rvac , Rord , Rch , Ranom . Evaluate each candidate against the flags (Vac, Red, Probe, Prod, Rep, Ch, Anom, Quot, GFix, Ord, Scalar, Def). Suppose R0 passes all flags, Rgfix fails GFix, Rvac fails Vac, Rord fails Ord, Rch fails Ch, and Ranom fails Anom. Then only R0 contributes residual role-rank. The raw count of residual notations is six, while the standing-bearing residual role-rank is one.","Residual_Vacuum_Sector_Rigidity_in_the_Admissible_Gauge_Arena.pdf, p. 23",,Candidate canonical object from source PDF,Physics structural-recovery layer,"Standard Model, gauge, charge, chiral, Yukawa, mass, mixing, phase, holonomy recovery","Directly constrains admissibility, standing, reference fixation, confirmation, identity preservation, or irreversibility.",,"Provides closure, exhaustion, minimality, uniqueness, maximality, or certificate support.",,"Blocks illicit primitive, repair, surrogate, overreach, compatibility, or standing-laundering moves.","Controls admissible construction or application in a formal, physical, agentic, or engineering regime."
B_role_compression,25,RP-R06-PRO-004,Fields as Persistence Carriers The Minimal Carrier Role of Physical Field Structure under Bounded Perturbation Transport,R6_Fields_as_Persistence_Carriers.pdf,Page 10; formal number 10.2,Proposition,Restriction compatibility,"If V ⪯LCD U , then the carrier profile assigned to V must agree with the restriction of the profile assigned to U on all standing-bearing role components:","Proposition 10.2 (Restriction compatibility). If V ⪯LCD U , then the carrier profile assigned to V must agree with the restriction of the profile assigned to U on all standing-bearing role components:","R6_Fields_as_Persistence_Carriers.pdf, p. 10",,Candidate canonical object from source PDF,Realized physics / metric and propagation layer,"metric-role induction, bounded transport, finite propagation constraint",Applies kernel admissibility/standing/irreversibility to physical realization.,"Constrains interface formation: continuation, locality, comparison, quotient, transport, or boundary behavior.",Supports closure/exclusion/minimality control in the realized-physics arc.,,,Controls admissible physical role construction and identity-preserving deployment.
B_role_compression,21,CL-CLE_Exhaustion_of_Direct_25E1AE-THM-004,"CLE - Exhaustion of Direct Witness Alternatives to Charged-Lepton Mass-Role Structure Witness-Support Closure, Support-to-Selection Nonpromotion, and the Handoff to Family-Index Closure",CLE____Exhaustion_of_Direct_Witness_Alternatives_to_Charged_Lepton_Mass_Role_Structure.pdf,Page 13; formal number 7.1,Theorem,Persistence/Compression Alternative Exhaustion,Generic particle persistence and generic mass-role compression routes are classified as target-support only. They admit and type the mass-role target but do not supply certified direct selection of charged-lepton mass-role structure.,Theorem 7.1 (Persistence/Compression Alternative Exhaustion). Generic particle persistence and generic mass-role compression routes are classified as target-support only. They admit and type the mass-role target but do not supply certified direct selection of charged-lepton mass-role structure.,"CLE____Exhaustion_of_Direct_Witness_Alternatives_to_Charged_Lepton_Mass_Role_Structure.pdf, p. 13",,Candidate canonical object from source PDF,Physics structural-recovery layer,"Standard Model, gauge, charge, chiral, Yukawa, mass, mixing, phase, holonomy recovery",,,"Provides closure, exhaustion, minimality, uniqueness, maximality, or certificate support.",,,"Controls admissible construction or application in a formal, physical, agentic, or engineering regime."
B_role_compression,21,CL-CLG_Quotient_Normalization_Closure_E57531-DEF-002,"CLG - Quotient-Normalization Closure for Charged-Lepton Mass-Role Branch Identity Skin/Tensor Separation, Presentation-Collapse, and Exhaustion of Quotient-Dependent Alternatives",CLG___Quotient_Normalization_Closure_for_Charged_Lepton_Mass_Role_Branch_Identity.pdf,Page 6; formal number 2.2,Definition,Frozen CLG source register,"SCLG is the frozen source register for CLG. It consists of CL1-CL5; CLX, CLY, CLZ; CLA, CLB, CLB2, CLC, CLD, CLE, and CLF; the AASC and ATS material governing admissibility, standing, anchor/tensor/skin separation, fixed-domain exhaustion, and standing-preserving redescription; R7 and R9 on particle persistence and mass-role compression; gauge, charge,...","Definition 2.2 (Frozen CLG source register). SCLG is the frozen source register for CLG. It consists of CL1-CL5; CLX, CLY, CLZ; CLA, CLB, CLB2, CLC, CLD, CLE, and CLF; the AASC and ATS material governing admissibility, standing, anchor/tensor/skin separation, fixed-domain exhaustion, and standing-preserving redescription; R7 and R9 on particle persistence and mass-role compression; gauge, charge, anomaly, and residual-sector rigidity material; and numerical readiness, exactness, mass-ratio, finite-table, and matrix/eigenstructure guardrails.","CLG___Quotient_Normalization_Closure_for_Charged_Lepton_Mass_Role_Branch_Identity.pdf, p. 6",,Candidate canonical object from source PDF,Physics structural-recovery layer,"Standard Model, gauge, charge, chiral, Yukawa, mass, mixing, phase, holonomy recovery","Directly constrains admissibility, standing, reference fixation, confirmation, identity preservation, or irreversibility.","Controls AASC interface formation, metric/nonmetric status, admissible interior, quotient/projection, or bookkeeping interpretation.","Provides closure, exhaustion, minimality, uniqueness, maximality, or certificate support.",Gate/envelope/scope/modality/classification/audit-control role.,"Blocks illicit primitive, repair, surrogate, overreach, compatibility, or standing-laundering moves.","Controls admissible construction or application in a formal, physical, agentic, or engineering regime."
B_role_compression,19,AASC-MGN8-PROP-9-6,Numerical Readiness Capstone,MGN8 Numerical_Readiness Capstone over the Canonical/Numerical_Readiness_Capstone.pdf,MGN8 p. 10 / Proposition 9.6,Proposition,Role-Rank Collapse Principle,Admissible parameter-space collapse is possible only through reduction of standing-bearing role-rank components across the carrier stack or through obstruction of would-be role directions.,"Admissible parameter-space collapse is possible only through reduction of standing-bearing role-rank components across the carrier stack or through obstruction of would-be role directions. A raw coordinate reduction that does not change any role-rank or obstruction class is bookkeeping, not numerical collapse. 10 Proof. Parameter-space collapse is a statement about standing numerical possibilities. Standing numerical possibilities are counted or bounded by carrier role-ranks and obstruction classes. If a proposed reduction changes neither the role-rank vector nor the obstruction map, then it preserves the same standing-bearing possibilities and merely redescribes the coordinate chart. Genuine collapse must therefore reduce role-rank support or record a standing obstruction. 10 Global obstruction map",MGN8 Proposition 9.6,,Canonical uploaded PDF source; object-level row may later be merged with exact duplicate/reformulation if corpus-wide duplicate found.,General AASC numerical-readiness / rigidity / carrier-stack layer,Global numerical-readiness capstone and registry discipline,,,Rigidity/exhaustion/uniqueness/completeness closure object,,Exclusion / no-laundering / notation-collapse / failure-route constraint,"Controls admissible carrier attachment, carrier preservation, and numerical-standing inheritance"
C_kernel_admissibility,100,ERK20260527-New_erk_files_May_7381DE-CST-001,"Eadem Natura, Duo Spectra: The Forced Two-Spectrum Structure of Evaluability",New_erk_files_May_27_Eadem_Natura__Duo_Spectra.pdf,Page 9; formal number 2.4,Constraint,Target-Class Entry Gate,"Let a construction system purport to operate over a fixed domain with a determinate admissibility boundary, irreversible evaluation, identity preservation, stable reuse, and terminal breakdown handling. Then any construction sequence that denies admissibility, standing, fixed-domain constraint, identity preservation, irreversibility, or collapse semantics...","Constraint 2.4 (Target-Class Entry Gate). Let a construction system purport to operate over a fixed domain with a determinate admissibility boundary, irreversible evaluation, identity preservation, stable reuse, and terminal breakdown handling. Then any construction sequence that denies admissibility, standing, fixed-domain constraint, identity preservation, irreversibility, or collapse semantics fails to instantiate the target class. Conversely, any system instantiating the target class must realize those constraints under some notation. Constraint demonstration. Irreversible evaluation requires a boundary between admitted and non-admitted construction sequences; without such a boundary, no evaluated state is determinately retained as an evaluated state. Identity preservation requires that construction states remain fixed across admissible continuation; without it, later use is not reuse of the same constructed state. Stable reuse requires a standing status; without standing, prior admissibility does not persist as a usable status. Fixed-domain operation requires a scope lock; without it, apparent continuation is silent domain replacement. Terminal breakdown handling requires collapse semantics; without it, failed construction sequences can be laundered by same-trajectory repair","New_erk_files_May_27_Eadem_Natura__Duo_Spectra.pdf, p. 9",Preferred hardened version,Preferred hardened candidate from May 27 ERK source PDF,Kernel / admissibility-standing-reference-irreversibility,"kernel primitives, standing, reference, admissibility, irreversibility","Directly constrains admissibility, standing, reference fixation, confirmation, identity preservation, non-degeneracy, or irreversibility.",,"Provides closure, exhaustion, minimality, uniqueness, rigidity, maximality, forcing, or certificate support.",Gate/envelope/scope/modality/classification/audit-control role.,"Blocks illicit primitive, repair, surrogate, overreach, compatibility, or standing-laundering moves.","Controls admissible construction or application in a formal, physical, agentic, numerical, or engineering regime."
C_kernel_admissibility,100,ERK20260527-New_erk_files_May_534018-DEF-001,Standing-Admissibility Identity Closure A Fixed-Domain Meta-Necessity Closure,New_erk_files_May_27_Standing_Admissibility_Identity_Closure.pdf,Page 2; formal number 2.1,Definition,Fixed domain,"A fixed domain is a tuple D = (X, A, S, ⇝, ∼)","Definition 2.1 (Fixed domain). A fixed domain is a tuple D = (X, A, S, ⇝, ∼)","New_erk_files_May_27_Standing_Admissibility_Identity_Closure.pdf, p. 2",Preferred hardened version,Preferred hardened candidate from May 27 ERK source PDF,Kernel / admissibility-standing-reference-irreversibility,"kernel primitives, standing, reference, admissibility, irreversibility","Directly constrains admissibility, standing, reference fixation, confirmation, identity preservation, non-degeneracy, or irreversibility.",,"Provides closure, exhaustion, minimality, uniqueness, rigidity, maximality, forcing, or certificate support.",,,
C_kernel_admissibility,96,FE-The_Structural_Inadmissibility_of_41154A-DEF-001,The Structural Inadmissibility of the Null Regime A Fixed-Domain Closure Theorem under AASC,The_Structural_Inadmissibility_of_the_Null_Regime.pdf,Page 7; formal number 4.1,Definition,Fixed domain,"A fixed domain D is a comparison setting in which candidate identity, admissibility status, standing-bearing continuation, transport, quotient identity, and lawful redescription are evaluated against a stable invariant bundle.","Definition 4.1 (Fixed domain). A fixed domain D is a comparison setting in which candidate identity, admissibility status, standing-bearing continuation, transport, quotient identity, and lawful redescription are evaluated against a stable invariant bundle.","The_Structural_Inadmissibility_of_the_Null_Regime.pdf, p. 7",Superseded by hardened May 27 ERK version,Candidate canonical object from source PDF; Superseded older version retained for provenance,Kernel / admissibility-standing-reference-irreversibility,"kernel primitives, standing, reference, admissibility, irreversibility","Directly constrains admissibility, standing, reference fixation, confirmation, identity preservation, or irreversibility.","Controls AASC interface formation, metric/nonmetric status, admissible interior, quotient/projection, or bookkeeping interpretation.","Provides closure, exhaustion, minimality, uniqueness, rigidity, maximality, forced-existence, forcing, or certificate support.",Gate/envelope/scope/modality/classification/audit-control role.,,
C_kernel_admissibility,95,ERK20260527-New_erk_files_May_6DC183-THM-008,"Anchor, Tensor, and Skin: A Fixed-Domain Decomposition Theorem for Admissible Description",New_erk_files_May_27_Anchor__Tensor__and_Skin__A_Fixed_Domain_Decomposition_Theorem_for_Admissible_Description.pdf,Page 16; formal number 4B,Theorem,(No second same-scope classifier on the descrip-,"Let G and G′ be lawful same-scope classifiers on the fixed evaluated domain induced by a description at scope S, each stated to govern admissibility-bearing fixation, standing-bearing reuse, or any descriptive split that affects licensed continuation. Then G = G′ pointwise on that fixed domain. Accordingly, no second same-scope descriptive classifier...","4.26. Theorem 4B (No second same-scope classifier on the descrip tive carrier) Let G and G′ be lawful same-scope classifiers on the fixed evaluated domain induced by a description at scope S, each stated to govern admissibility-bearing fixation, standing-bearing reuse, or any descriptive split that affects licensed continuation. Then G = G′ pointwise on that fixed domain. Accordingly, no second same-scope descriptive classifier survives between admissibility and standing, and no auxiliary metadata layer can acquire load-bearing classifier authority without either extensional collapse to the unique gate or illicit boundary-side selector work. Proof. Assume G(x) ̸= G′ (x) for some evaluated state x on the same scope. If both verdicts are allowed to stand, then the same evaluated state is both positive and negative for the same same-scope governance role, collapsing bivalence on the evaluated fragment. If only one verdict is treated as authoritative, then a higher-order selector is required to decide which classifier governs on x. The AMetric boundary and no-selector discipline forbid such","New_erk_files_May_27_Anchor__Tensor__and_Skin__A_Fixed_Domain_Decomposition_Theorem_for_Admissible_Description.pdf, p. 16",Preferred hardened version,Preferred hardened candidate from May 27 ERK source PDF,Kernel / admissibility-standing-reference-irreversibility,"kernel primitives, standing, reference, admissibility, irreversibility","Directly constrains admissibility, standing, reference fixation, confirmation, identity preservation, non-degeneracy, or irreversibility.","Controls AASC interface formation, metric/nonmetric status, admissible interior, quotient/projection, or bookkeeping interpretation.","Provides closure, exhaustion, minimality, uniqueness, rigidity, maximality, forcing, or certificate support.",Gate/envelope/scope/modality/classification/audit-control role.,"Blocks illicit primitive, repair, surrogate, overreach, compatibility, or standing-laundering moves.",
C_kernel_admissibility,95,ERK20260527-New_erk_files_May_311F0C-DEF-008,Boundary-Trace Fixation of Continuation Loci under AASC A Role-Anchor Theorem for Fixed-Domain Persistence,New_erk_files_May_27_Boundary_Trace_Fixation_of_Continuation_Loci_under_AASC.pdf,Page 6; formal number 3.8,Definition,Boundary trace,"A boundary trace B for SL is an admissibility-preserving asymmetry interface between internally non-selective continuation structure and role-anchor fixation. Formally, it is a declared channel predicate B : SL → {0, 1} represented inside the fixed domain. It is admissible only if it is bivalent, outcome-independent, stable under identity-preserving channel...","Definition 3.8 (Boundary trace). A boundary trace B for SL is an admissibility-preserving asymmetry interface between internally non-selective continuation structure and role-anchor fixation. Formally, it is a declared channel predicate B : SL → {0, 1} represented inside the fixed domain. It is admissible only if it is bivalent, outcome-independent, stable under identity-preserving channel transformations, declared before role use, same-domain conservative, continuation-compatible, and quotient-compatible. Its typed functions are:","New_erk_files_May_27_Boundary_Trace_Fixation_of_Continuation_Loci_under_AASC.pdf, p. 6",Preferred hardened version,Preferred hardened candidate from May 27 ERK source PDF,Kernel / admissibility-standing-reference-irreversibility,"kernel primitives, standing, reference, admissibility, irreversibility","Directly constrains admissibility, standing, reference fixation, confirmation, identity preservation, non-degeneracy, or irreversibility.","Controls AASC interface formation, metric/nonmetric status, admissible interior, quotient/projection, or bookkeeping interpretation.","Provides closure, exhaustion, minimality, uniqueness, rigidity, maximality, forcing, or certificate support.",Gate/envelope/scope/modality/classification/audit-control role.,,
C_kernel_admissibility,95,ERK20260527-New_erk_files_May_311F0C-DEF-010,Boundary-Trace Fixation of Continuation Loci under AASC A Role-Anchor Theorem for Fixed-Domain Persistence,New_erk_files_May_27_Boundary_Trace_Fixation_of_Continuation_Loci_under_AASC.pdf,Page 7; formal number 3.10,Definition,Boundary-trace fixation,"FixD (B, [LD ]≡Loc , [RL ]≡Role ) holds iff the admissible boundary trace B fixes the role-anchor equivalence class [RL ]≡Role for the continuation-locus class [LD ]≡Loc while preserving the fixed domain, the role vocabulary, the admissibility gate, the transport behavior, the quotient behavior, fixation behavior, and fail-closed standing discipline....","Definition 3.10 (Boundary-trace fixation). FixD (B, [LD ]≡Loc , [RL ]≡Role ) holds iff the admissible boundary trace B fixes the role-anchor equivalence class [RL ]≡Role for the continuation-locus class [LD ]≡Loc while preserving the fixed domain, the role vocabulary, the admissibility gate, the transport behavior, the quotient behavior, fixation behavior, and fail-closed standing discipline. Fixation is quotient-level role assignment; it is not canonical representative selection.","New_erk_files_May_27_Boundary_Trace_Fixation_of_Continuation_Loci_under_AASC.pdf, p. 7",Preferred hardened version,Preferred hardened candidate from May 27 ERK source PDF,Kernel / admissibility-standing-reference-irreversibility,"kernel primitives, standing, reference, admissibility, irreversibility","Directly constrains admissibility, standing, reference fixation, confirmation, identity preservation, non-degeneracy, or irreversibility.","Controls AASC interface formation, metric/nonmetric status, admissible interior, quotient/projection, or bookkeeping interpretation.",,Gate/envelope/scope/modality/classification/audit-control role.,,
D_redescription_transport,84,ERK20260527-New_erk_files_May_3ED34B-THM-003,Gravity as Structural Necessity An AASC Account of the GR-Type Physical Interior,New_erk_files_May_27_Gravity_as_Structural_Necessity.pdf,Page 9; formal number 4.4,Theorem,Quotient necessity for physical standing,"If a physical domain supports reusable same-domain physical content under lawful redescription, then its standing-bearing content factors through a quotient by admissible redescription. Proof. Let p, p′ ∈ PX be two presentations related by lawful redescription and suppose they are not identified in standing content. Then the domain distinguishes them as...","Theorem 4.4 (Quotient necessity for physical standing). If a physical domain supports reusable same-domain physical content under lawful redescription, then its standing-bearing content factors through a quotient by admissible redescription. Proof. Let p, p′ ∈ PX be two presentations related by lawful redescription and suppose they are not identified in standing content. Then the domain distinguishes them as different physical contents despite the absence of an admissible witness separating them. This either privileges one representation as identity-grounding or imports a hidden discriminator not present in the physical observable structure. Both violate the kernel: representation privilege violates reference stability, and hidden discrimination violates standing because it cannot be reused as licit same-domain observable content. Hence lawfully redescribed states must be identified. Conversely, a quotient by lawful redescription preserves exactly those distinctions that survive admissible witnesses and continuation. Thus standing-bearing content factors through PX / ∼X .","New_erk_files_May_27_Gravity_as_Structural_Necessity.pdf, p. 9",Preferred hardened version,Preferred hardened candidate from May 27 ERK source PDF,Kernel / admissibility-standing-reference-irreversibility,"kernel primitives, standing, reference, admissibility, irreversibility","Directly constrains admissibility, standing, reference fixation, confirmation, identity preservation, non-degeneracy, or irreversibility.","Controls AASC interface formation, metric/nonmetric status, admissible interior, quotient/projection, or bookkeeping interpretation.","Provides closure, exhaustion, minimality, uniqueness, rigidity, maximality, forcing, or certificate support.",Gate/envelope/scope/modality/classification/audit-control role.,"Blocks illicit primitive, repair, surrogate, overreach, compatibility, or standing-laundering moves.","Controls admissible construction or application in a formal, physical, agentic, numerical, or engineering regime."
D_redescription_transport,83,ERK20260527-New_erk_files_May_28F3BE-LEM-003,Matter-Antimatter Asymmetry as the Unique Admissible Reconstruction of Persistent Cosmological Identity Exchangeability Non-Transportability under Irreversible Cosmological Continuation,New_erk_files_May_27_Matter_Antimatter_Asymmetry_as_the_Unique_Admissible_Reconstruction.pdf,Page 17; formal number 7.2,Lemma,Exchange-relevant retrieval-irreversibility lemma,"Let h undergo irreversible loss of retrievable correlation on S. If the late scope does not contain the data and lawful redescription rules required to construct an exchangeability preservation certificate, then no exact matter-antimatter exchange map is recoverable as a same-scope identity symmetry. In particular, global microstate retention is irrelevant...","Lemma 7.2 (Exchange-relevant retrieval-irreversibility lemma). Let h undergo irreversible loss of retrievable correlation on S. If the late scope does not contain the data and lawful redescription rules required to construct an exchangeability preservation certificate, then no exact matter-antimatter exchange map is recoverable as a same-scope identity symmetry. In particular, global microstate retention is irrelevant to the theorem unless it induces such a certificate from the data admitted by S. Proof. Recovering exact exchangeability as a same-scope identity symmetry requires more than an external statement that some total description contains correlations. It requires a lawful map, available from the late scope’s admitted data and redescription rules, that carries the pre-irreversible exchange involution into the post-irreversible anchor quotient while preserving carrier-role profiles, downstream material-reference roles, admissible continuation, and the sign-coherent burden of the scope. That map is exactly an exchangeability preservation certificate. If the late scope lacks the data or rules needed to construct it, then any alleged recovery uses hidden external indexing, a selector, or a changed theorem object rather than same-scope admissible recovery. Hence exact exchange","New_erk_files_May_27_Matter_Antimatter_Asymmetry_as_the_Unique_Admissible_Reconstruction.pdf, p. 17",Preferred hardened version,Preferred hardened candidate from May 27 ERK source PDF,Constraint envelope / redescription layer,"constraint envelopes, scope, redescription, envelope non-contact, transport control","Directly constrains admissibility, standing, reference fixation, confirmation, identity preservation, non-degeneracy, or irreversibility.","Controls AASC interface formation, metric/nonmetric status, admissible interior, quotient/projection, or bookkeeping interpretation.","Provides closure, exhaustion, minimality, uniqueness, rigidity, maximality, forcing, or certificate support.",Gate/envelope/scope/modality/classification/audit-control role.,,"Controls admissible construction or application in a formal, physical, agentic, numerical, or engineering regime."
D_redescription_transport,81,AASC4-P12-THM-003,Gravity as Structural Necessity An AASC Account of the GR-Type Physical Interior,Gravity_as_Structural_Necessity.pdf,Page 9; formal number 4.4,Theorem,Quotient necessity for physical standing,"If a physical domain supports reusable same-domain physical content under lawful redescription, then its standing-bearing content factors through a quotient by admissible redescription. Proof. Let p, p′ ∈ PX be two presentations related by lawful…","Theorem 4.4 (Quotient necessity for physical standing). If a physical domain supports reusable same-domain physical content under lawful redescription, then its standing-bearing content factors through a quotient by admissible redescription. Proof. Let p, p′ ∈ PX be two presentations related by lawful redescription and suppose they are not identified in standing content. Then the domain distinguishes them as different physical contents despite the absence of an admissible witness separating them. This either privileges one representation as identity-grounding or imports a hidden discriminator not present in the physical observable structure. Both violate the kernel: representation privilege violates reference stability, and hidden discrimination violates standing because it cannot be reused as licit same-domain observable content. Hence lawfully redescribed states must be identified. Con","Gravity_as_Structural_Necessity.pdf, p. 9",Superseded by hardened May 27 ERK version,Candidate canonical object from source PDF; Superseded older version retained for provenance,Physics-facing interpretive/reconstruction layer,GR/QM/quantum-record/endpoint-structure control,Defines/enforces kernel admissibility or standing conditions,Constrains interface/quotient/transport behavior,Supports closure-by-exhaustion or uniqueness control,,Blocks a failure/escape/reanchoring class,Controls admissible construction/description/object identity
D_redescription_transport,80,ERK20260527-New_erk_files_May_553AA0-PRO-021,"Closure by Exhaustion for Same-Scope Operators under Admissibility A self-contained derivation from graph rigidity, family classification, and interaction closure",New_erk_files_May_27_Closure_by_Exhaustion_for_Same_Scope_Operators_under_Admissibility.pdf,Page 28; formal number 2.8,Proposition,"Definitions of standing, lawful redescription, All later sections","Definitions of standing, lawful redescription, All later sections bookkeeping equivalence, and same-scope operators in Section 2","Proposition 2.8 Definitions of standing, lawful redescription, All later sections bookkeeping equivalence, and same-scope operators in Section 2","New_erk_files_May_27_Closure_by_Exhaustion_for_Same_Scope_Operators_under_Admissibility.pdf, p. 28",Preferred hardened version,Preferred hardened candidate from May 27 ERK source PDF,Kernel / admissibility-standing-reference-irreversibility,"kernel primitives, standing, reference, admissibility, irreversibility","Directly constrains admissibility, standing, reference fixation, confirmation, identity preservation, non-degeneracy, or irreversibility.","Controls AASC interface formation, metric/nonmetric status, admissible interior, quotient/projection, or bookkeeping interpretation.","Provides closure, exhaustion, minimality, uniqueness, rigidity, maximality, forcing, or certificate support.",Gate/envelope/scope/modality/classification/audit-control role.,,"Controls admissible construction or application in a formal, physical, agentic, numerical, or engineering regime."
D_redescription_transport,77,AASC4-P23-THM-022,"Structura Ex Necessitate Standardis Modelis A relative closure theorem for the Standard-Model bookkeeping interior under fixed load, fixed domain, and certificate-maximal same-domain transport",Structura_Ex_Necessitate_Standardis_Modelis.pdf,Page 45; formal number 7.2,Theorem,Interior closure and uniqueness (relative to the declared load and AdL,"). Within the declared load, the fixed-domain comparison class of Definition 1.8, and the admissibility envelope AdL , the SMbookkeeping interior is closed and unique up to admissible identity-preserving redescription. Any purported same-scope “extension”…","Theorem 7.2 (Interior closure and uniqueness (relative to the declared load and AdL )). Within the declared load, the fixed-domain comparison class of Definition 1.8, and the admissibility envelope AdL , the SMbookkeeping interior is closed and unique up to admissible identity-preserving redescription. Any purported same-scope “extension” either (a) reduces to the same interior by admissible redescription, or (b) violates standing preservation by importing forbidden load, moving the scope, changing witness content, changing the standing quotient or continuation structure, privileging a representation, invoking a closed repair strategy, or performing illicit scope transport. This is not a uniqueness theorem over all quantum field theories; it is a relative closure theorem over the fixed-domain SMbookkeeping interior. Construction witness. The discrete skeleton is forced up to overall norm","Structura_Ex_Necessitate_Standardis_Modelis.pdf, p. 45",Superseded by hardened May 27 ERK version,Candidate canonical object from source PDF; Superseded older version retained for provenance,Physics-facing structural recovery / Standard Model layer,SM/gauge/parameter-role control,Defines/enforces kernel admissibility or standing conditions,Constrains interface/quotient/transport behavior,Supports closure-by-exhaustion or uniqueness control,,Blocks a failure/escape/reanchoring class,Controls admissible construction/description/object identity
D_redescription_transport,75,ERK20260527-New_erk_files_May_4C9E73-THM-017,"A Fixed-Domain Exhaustion Theorem Standing, Admissibility, and the Determination of Consequence under Typed Boundary Discipline",New_erk_files_May_27_A_Fixed_Domain_Exhaustion_Theorem.pdf,Page 40; formal number 12.1,Theorem,Fixed-scope operator identity is representation-invariant,"Within a fixed scope, operator identity is invariant under lawful redescription: if two operator envelopes differ only by lawful redescription (notation/renaming/rebracketing), they denote the same operator. Treating them as distinct introduces a new standing-relevant discriminator/operator and violates structural exhaustion (Theorem 7.1). Dependencies....","Theorem 12.1 (Fixed-scope operator identity is representation-invariant). Within a fixed scope, operator identity is invariant under lawful redescription: if two operator envelopes differ only by lawful redescription (notation/renaming/rebracketing), they denote the same operator. Treating them as distinct introduces a new standing-relevant discriminator/operator and violates structural exhaustion (Theorem 7.1). Dependencies. AA7, AA3, AA1, AA6, AA5.","New_erk_files_May_27_A_Fixed_Domain_Exhaustion_Theorem.pdf, p. 40",Preferred hardened version,Preferred hardened candidate from May 27 ERK source PDF,Constraint envelope / redescription layer,"constraint envelopes, scope, redescription, envelope non-contact, transport control","Directly constrains admissibility, standing, reference fixation, confirmation, identity preservation, non-degeneracy, or irreversibility.",,"Provides closure, exhaustion, minimality, uniqueness, rigidity, maximality, forcing, or certificate support.",Gate/envelope/scope/modality/classification/audit-control role.,,"Controls admissible construction or application in a formal, physical, agentic, numerical, or engineering regime."
E_impossibility_blocks,121,MIL-MILLENNIUM_ZIP_Carrier_Universalit_9AAFB1-AXM-002,Carrier Universality and Global Smoothness for the Periodic 3D Navier-Stokes Equations A closure-induced impossibility proof of Feffermanś periodic statement (B),MILLENNIUM_ZIP_Carrier_Universality_and_Global_Smoothness_for_the_Periodic_3D_Navier_Stokes_Equations.pdf,Page 34; formal number 3.45,Axiom,"No generators, no carriers, no repairs","Standing cannot be generated, transported across scopes by association, or recovered inside a rejected lineage. Any move that requires post-hoc repair is inadmissible.","Axiom 3.45 (No generators, no carriers, no repairs). Standing cannot be generated, transported across scopes by association, or recovered inside a rejected lineage. Any move that requires post-hoc repair is inadmissible.","MILLENNIUM_ZIP_Carrier_Universality_and_Global_Smoothness_for_the_Periodic_3D_Navier_Stokes_Equations.pdf, p. 34",,Candidate canonical object from source PDF,Closure / impossibility / exhaustion layer,"closure, exhaustion, impossibility, no-repair, no-generator, no-carrier control","Directly constrains admissibility, standing, reference fixation, confirmation, identity preservation, well-definedness, or irreversibility.",,"Provides closure, exhaustion, minimality, uniqueness, rigidity, maximality, gap/smoothness, forced-existence, forcing, or certificate support.",Gate/envelope/scope/modality/classification/audit-control role.,"Blocks illicit primitive, repair, surrogate, overreach, compatibility, sector, or standing-laundering moves.","Controls admissible construction or application in a formal, physical, analytic, sector, numerical, or engineering regime."
E_impossibility_blocks,121,MIL-MILLENNIUM_ZIP_Carrier_Universalit_9AAFB1-PRO-016,Carrier Universality and Global Smoothness for the Periodic 3D Navier-Stokes Equations A closure-induced impossibility proof of Feffermanś periodic statement (B),MILLENNIUM_ZIP_Carrier_Universality_and_Global_Smoothness_for_the_Periodic_3D_Navier_Stokes_Equations.pdf,Page 72; formal number 15.3,Proposition,"No generators, no carriers, no repairs","Within the fixed standing lineage of an admitted Navier-Stokes description, no singular candidate may be made admissible by:","Proposition 15.3 (No generators, no carriers, no repairs). Within the fixed standing lineage of an admitted Navier-Stokes description, no singular candidate may be made admissible by:","MILLENNIUM_ZIP_Carrier_Universality_and_Global_Smoothness_for_the_Periodic_3D_Navier_Stokes_Equations.pdf, p. 72",,Candidate canonical object from source PDF,Closure / impossibility / exhaustion layer,"closure, exhaustion, impossibility, no-repair, no-generator, no-carrier control","Directly constrains admissibility, standing, reference fixation, confirmation, identity preservation, well-definedness, or irreversibility.",,"Provides closure, exhaustion, minimality, uniqueness, rigidity, maximality, gap/smoothness, forced-existence, forcing, or certificate support.",,"Blocks illicit primitive, repair, surrogate, overreach, compatibility, sector, or standing-laundering moves.","Controls admissible construction or application in a formal, physical, analytic, sector, numerical, or engineering regime."
E_impossibility_blocks,93,ERK20260527-New_erk_files_May_C3E3B7-THM-010,A Classification Theorem for Admissible Standard-Model Structures Uniqueness Under Standing-Preserving and Transport Constraints,New_erk_files_May_27_A_Classification_Theorem_for_Admissible_Standard_Model_Structures.pdf,Page 19; formal number 7.2,Theorem,Impossibility-suite exhaustion of rivals,"Let R be any purported non-equivalent rival to SMbook inside the target particle-physics comparison problem. If R is not admissibly equivalent to SMbook , then R violates at least one element of the AASC Impossibility Suite or leaves the same-domain target. Conversely, any construction satisfying no-generator, no-carrier, and no-repair obligations factors...","Theorem 7.2 (Impossibility-suite exhaustion of rivals). Let R be any purported non-equivalent rival to SMbook inside the target particle-physics comparison problem. If R is not admissibly equivalent to SMbook , then R violates at least one element of the AASC Impossibility Suite or leaves the same-domain target. Conversely, any construction satisfying no-generator, no-carrier, and no-repair obligations factors through the existing standing quotient and is not a non-equivalent rival.","New_erk_files_May_27_A_Classification_Theorem_for_Admissible_Standard_Model_Structures.pdf, p. 19",Preferred hardened version,Preferred hardened candidate from May 27 ERK source PDF,Closure / impossibility / exhaustion layer,"closure, exhaustion, impossibility, no-repair, no-generator, no-carrier control","Directly constrains admissibility, standing, reference fixation, confirmation, identity preservation, non-degeneracy, or irreversibility.","Controls AASC interface formation, metric/nonmetric status, admissible interior, quotient/projection, or bookkeeping interpretation.","Provides closure, exhaustion, minimality, uniqueness, rigidity, maximality, forcing, or certificate support.",Gate/envelope/scope/modality/classification/audit-control role.,"Blocks illicit primitive, repair, surrogate, overreach, compatibility, or standing-laundering moves.","Controls admissible construction or application in a formal, physical, agentic, numerical, or engineering regime."
E_impossibility_blocks,63,ERK20260527-New_erk_files_May_D2FE05-BND-001,"Constraint Architectures for Coherent Evaluability Quotient Interfaces, Kernel Instantiation, and Structural Persistence",New_erk_files_May_27_Constraint_Architectures_for_Coherent_Evaluability.pdf,Page 43; unnumbered named formal object,Boundary,trace fixation Supplies the declared-trace normal form for role fixation af-,"Boundary-trace fixation Supplies the declared-trace normal form for role fixation af ter internal and indexical/provenance asymmetries are ex hausted. Fixed-domain exhaustion Supplies no-hidden-remainder: every governance-bearing variation changes boundary typing, standing partition, wit ness/trace content, lawful quotient, continuation, or role structure....","Boundary-trace fixation Supplies the declared-trace normal form for role fixation af ter internal and indexical/provenance asymmetries are ex hausted. Fixed-domain exhaustion Supplies no-hidden-remainder: every governance-bearing variation changes boundary typing, standing partition, wit ness/trace content, lawful quotient, continuation, or role structure. Standing-admissibility identity Collapses same-domain separation routes between standing closure and admissibility and rules out competing gates. Same-scope operator closure Rules out totalization, completion, repair, forcing, satura tion, diagonalization, fixed-point, universal-property, and foundation-swap operator escapes. Unus solus / unique admissible Strengthens the no-generators, no-carriers, no-repairs, nointerior scope-transport, no-competing-gates, and uniqueness-of-","New_erk_files_May_27_Constraint_Architectures_for_Coherent_Evaluability.pdf, p. 43",Preferred hardened version,Preferred hardened candidate from May 27 ERK source PDF,Closure / impossibility / exhaustion layer,"closure, exhaustion, impossibility, no-repair, no-generator, no-carrier control","Directly constrains admissibility, standing, reference fixation, confirmation, identity preservation, non-degeneracy, or irreversibility.","Controls AASC interface formation, metric/nonmetric status, admissible interior, quotient/projection, or bookkeeping interpretation.","Provides closure, exhaustion, minimality, uniqueness, rigidity, maximality, forcing, or certificate support.",Gate/envelope/scope/modality/classification/audit-control role.,"Blocks illicit primitive, repair, surrogate, overreach, compatibility, or standing-laundering moves.","Controls admissible construction or application in a formal, physical, agentic, numerical, or engineering regime."
E_impossibility_blocks,63,ERK20260527-New_erk_files_May_3D011A-THM-043,"Forty-Two Exhaustion, Closure, and Downstream Consequence",New_erk_files_May_27_Forty-Two.pdf,Page 37; formal number 5.13,Theorem,No generators,There is no internal operation T and no evaluated act a ∈ XD • with StandD (a) = 0 such that StandD (T (a)) = 1 as a consequence of a alone and without fresh evaluation on D.,Theorem 5.13 (No generators). There is no internal operation T and no evaluated act a ∈ XD • with StandD (a) = 0 such that StandD (T (a)) = 1 as a consequence of a alone and without fresh evaluation on D.,"New_erk_files_May_27_Forty-Two.pdf, p. 37",Preferred hardened version,Preferred hardened candidate from May 27 ERK source PDF,Closure / impossibility / exhaustion layer,"closure, exhaustion, impossibility, no-repair, no-generator, no-carrier control",,,"Provides closure, exhaustion, minimality, uniqueness, rigidity, maximality, forcing, or certificate support.",,,
E_impossibility_blocks,63,ERK20260527-New_erk_files_May_ED8EE1-COR-010,The Structural Inadmissibility of the Null Regime A Fixed-Domain Closure Theorem under AASC,New_erk_files_May_27_The_Structural_Inadmissibility_of_the_Null_Regime.pdf,Page 18; formal number 18.2,Corollary,No repair route for nullity,"A standing-null regime cannot become a null admissible regime. Repair either fails, supplies non-null governance, or constitutes a new act.","Corollary 18.2 (No repair route for nullity). A standing-null regime cannot become a null admissible regime. Repair either fails, supplies non-null governance, or constitutes a new act.","New_erk_files_May_27_The_Structural_Inadmissibility_of_the_Null_Regime.pdf, p. 18",Preferred hardened version,Preferred hardened candidate from May 27 ERK source PDF,Closure / impossibility / exhaustion layer,"closure, exhaustion, impossibility, no-repair, no-generator, no-carrier control","Directly constrains admissibility, standing, reference fixation, confirmation, identity preservation, non-degeneracy, or irreversibility.","Controls AASC interface formation, metric/nonmetric status, admissible interior, quotient/projection, or bookkeeping interpretation.","Provides closure, exhaustion, minimality, uniqueness, rigidity, maximality, forcing, or certificate support.",,"Blocks illicit primitive, repair, surrogate, overreach, compatibility, or standing-laundering moves.",
F_topology_geometry_process,79,RP-R01-REM-002,Realized Persistence Cannot Be Physically Null Minimal Non-Vacuous Structure for Physical Realization,R1_Realized_Persistence_Cannot_Be_Physically_Null.pdf,Page 8; formal number 2.10,Remark,No topology or metric is imported,"The words “interior”, “locus”, and “neighborhood” in this paper are not topological primitives. They name quotient roles induced by admissibility-bearing continuation and reconstruction. No open sets, manifold charts, metric distances, differentiable structure, or primitive adjacency relation are…","Remark 2.10 (No topology or metric is imported). The words “interior”, “locus”, and “neighborhood” in this paper are not topological primitives. They name quotient roles induced by admissibility-bearing continuation and reconstruction. No open sets, manifold charts, metric distances, differentiable structure, or primitive adjacency relation are assumed. Those are subsequent reconstruction targets.","R1_Realized_Persistence_Cannot_Be_Physically_Null.pdf, p. 8",,Candidate canonical object from source PDF,Realized physics / non-vacuous physical interior layer,"realization, persistence, non-null physical domain control",Applies kernel admissibility/standing/irreversibility to physical realization.,"Constrains interface formation: continuation, locality, comparison, quotient, transport, or boundary behavior.",Supports closure/exclusion/minimality control in the realized-physics arc.,,"Blocks primitive reification, null-realization, or illicit identification.",Controls admissible physical role construction and identity-preserving deployment.
F_topology_geometry_process,67,RP-R03-REM-008,Continuation Loci and the Origin of Local Domains Pre-Topological Continuation-Neighborhood Structure under Standing-Bearing Persistence,R3_Continuation_Loci_and_the_Origin_of_Local_Domains.pdf,Page 15; formal number 13.1,Remark,Why “pre-topological” is the correct target,A topology supplies a family of open sets satisfying closure properties. A metric supplies distances that induce a topology. A causal structure supplies order-like constraints. None of those primitives is supplied here. It supplies adjacency as a boundary-compatible continuation-relevance relation…,"Remark 13.1 (Why “pre-topological” is the correct target). A topology supplies a family of open sets satisfying closure properties. A metric supplies distances that induce a topology. A causal structure supplies order-like constraints. None of those primitives is supplied here. It supplies adjacency as a boundary-compatible continuation-relevance relation and local domains as adjacencypath closures. That is weaker than topology, but sufficient to define the next reconstruction question: one can ask what stability, overlap, separation, and composition constraints are required for these local domains to admit topological or metric representation.","R3_Continuation_Loci_and_the_Origin_of_Local_Domains.pdf, p. 15",,Candidate canonical object from source PDF,Realized physics / locality and domain-formation layer,"standing localization, continuation loci, local-domain origin",Applies kernel admissibility/standing/irreversibility to physical realization.,"Constrains interface formation: continuation, locality, comparison, quotient, transport, or boundary behavior.",Supports closure/exclusion/minimality control in the realized-physics arc.,Boundary/classification/presentation-control role.,,Controls admissible physical role construction and identity-preserving deployment.
F_topology_geometry_process,59,RP-R03-CRT-001,Continuation Loci and the Origin of Local Domains Pre-Topological Continuation-Neighborhood Structure under Standing-Bearing Persistence,R3_Continuation_Loci_and_the_Origin_of_Local_Domains.pdf,Page 9; formal number 6.1,Criterion,No topology import,A candidate continuation-neighborhood assignment ND is admissible in this analysis only if it is induced by boundary-compatible continuation relevance among bounded standing-localization loci. It is inadmissible as a primitive import if its membership is fixed by any of the following without…,Criterion 6.1 (No topology import). A candidate continuation-neighborhood assignment ND is admissible in this analysis only if it is induced by boundary-compatible continuation relevance among bounded standing-localization loci. It is inadmissible as a primitive import if its membership is fixed by any of the following without same-domain admissibility support:,"R3_Continuation_Loci_and_the_Origin_of_Local_Domains.pdf, p. 9",,Candidate canonical object from source PDF,Realized physics / locality and domain-formation layer,"standing localization, continuation loci, local-domain origin",Applies kernel admissibility/standing/irreversibility to physical realization.,"Constrains interface formation: continuation, locality, comparison, quotient, transport, or boundary behavior.",Supports closure/exclusion/minimality control in the realized-physics arc.,,,Controls admissible physical role construction and identity-preserving deployment.
F_topology_geometry_process,55,NF-Numerical_forcing_ARC_CNF5_62CEC7-THM-005,"CNF5: Coupling-Topology and Texture Forcing over the Canonical Coupling Carrier Standing Zeros, Nonzero Support, Finite Texture Classes, and Yukawa-Like Parameter Survival after CNF1-CNF4",Numerical_forcing_ARC_CNF5__Coupling_Topology_and_Texture_Forcing_over_the_Canonical_Coupling_Carrier.pdf,Page 13; formal number 14.2,Theorem,No Filter Leakage Theorem,"A coupling-texture claim is inadmissible if a filterleaking branch remains standing-bearing. In that case neither finite texture collapse nor zero/nonzero support forcing is licensed. Proof. A filter-leaking branch is an admissible continuation not represented in the survivor, quotient, or obstruction ledger. CNF2 finite collapse fails by reopening...","Theorem 14.2 (No Filter Leakage Theorem). A coupling-texture claim is inadmissible if a filterleaking branch remains standing-bearing. In that case neither finite texture collapse nor zero/nonzero support forcing is licensed. Proof. A filter-leaking branch is an admissible continuation not represented in the survivor, quotient, or obstruction ledger. CNF2 finite collapse fails by reopening continuation or obstruction incompleteness. CNF5 therefore cannot classify the slot as forced zero, forced nonzero, finite texture, or obstruction-complete.","Numerical_forcing_ARC_CNF5__Coupling_Topology_and_Texture_Forcing_over_the_Canonical_Coupling_Carrier.pdf, p. 13",,Candidate canonical object from source PDF,Operator / formal system layer,"operator-domain, totalization, algebraic closure, formal-completability control","Directly constrains admissibility, standing, reference fixation, confirmation, identity preservation, or irreversibility.","Controls AASC interface formation, metric/nonmetric status, admissible interior, quotient/projection, or bookkeeping interpretation.","Provides closure, exhaustion, minimality, uniqueness, rigidity, maximality, forcing, or certificate support.",,"Blocks illicit primitive, repair, surrogate, overreach, compatibility, or standing-laundering moves.",
F_topology_geometry_process,55,NF-Numerical_forcing_ARC_CNF5_62CEC7-THM-007,"CNF5: Coupling-Topology and Texture Forcing over the Canonical Coupling Carrier Standing Zeros, Nonzero Support, Finite Texture Classes, and Yukawa-Like Parameter Survival after CNF1-CNF4",Numerical_forcing_ARC_CNF5__Coupling_Topology_and_Texture_Forcing_over_the_Canonical_Coupling_Carrier.pdf,Page 15; formal number 16.6,Theorem,Finite Texture Collapse Theorem,"If the coupling slot set is role-finite, quotientexhausted, obstruction-complete, refinement-closed, continuation-closed, and equipped with a termination witness, then admissible coupling textures collapse to a finite texture class TDY,fin . If |TDY,fin | > 1, CNF5 licenses only membership in the finite class, not selection of a texture. Proof. This is CNF2...","Theorem 16.6 (Finite Texture Collapse Theorem). If the coupling slot set is role-finite, quotientexhausted, obstruction-complete, refinement-closed, continuation-closed, and equipped with a termination witness, then admissible coupling textures collapse to a finite texture class TDY,fin . If |TDY,fin | > 1, CNF5 licenses only membership in the finite class, not selection of a texture. Proof. This is CNF2 finite-sector collapse applied to the texture sector. Role-finite support bounds standing slot directions. Quotient exhaustion removes duplicate presentations. Obstruction completeness closes forbidden branches. Refinement and continuation closure block hidden reopening. A termination witness prevents nonterminating survivor generation. The result is finite quotient texture support, not exact texture selection.","Numerical_forcing_ARC_CNF5__Coupling_Topology_and_Texture_Forcing_over_the_Canonical_Coupling_Carrier.pdf, p. 15",,Candidate canonical object from source PDF,Numerical forcing / exactness layer,"numerical forcing, exactness, rigidity, mass-ratio, constant-readout, anchor-control layer","Directly constrains admissibility, standing, reference fixation, confirmation, identity preservation, or irreversibility.","Controls AASC interface formation, metric/nonmetric status, admissible interior, quotient/projection, or bookkeeping interpretation.","Provides closure, exhaustion, minimality, uniqueness, rigidity, maximality, forcing, or certificate support.",,"Blocks illicit primitive, repair, surrogate, overreach, compatibility, or standing-laundering moves.",
F_topology_geometry_process,53,RP-R02-REM-003,Standing Localization and the Origin of Physical Locality A Bounded-Locus Theorem for Standing-Bearing Persistence,R2_Standing_Localization_and_the_Origin_of_Physical_Locality.pdf,Page 7; formal number 2.14,Remark,No primitive topology,"The words “locus”, “boundary”, and “locality” are not primitive topological vocabulary here. They name admissibility-bearing role constraints. No open sets, neighborhoods, charts, metric balls, causal diamonds, spatial regions, or algebraic nets are assumed.","Remark 2.14 (No primitive topology). The words “locus”, “boundary”, and “locality” are not primitive topological vocabulary here. They name admissibility-bearing role constraints. No open sets, neighborhoods, charts, metric balls, causal diamonds, spatial regions, or algebraic nets are assumed.","R2_Standing_Localization_and_the_Origin_of_Physical_Locality.pdf, p. 7",,Candidate canonical object from source PDF,Realized physics / locality and domain-formation layer,"standing localization, continuation loci, local-domain origin",Applies kernel admissibility/standing/irreversibility to physical realization.,"Constrains interface formation: continuation, locality, comparison, quotient, transport, or boundary behavior.",Supports closure/exclusion/minimality control in the realized-physics arc.,,"Blocks primitive reification, null-realization, or illicit identification.",Controls admissible physical role construction and identity-preserving deployment.
G_classification_uniqueness,93,MIL-MILLENNIUM_ZIP_Admissibility_and_B8E75C-THM-041,"Admissibility and the Well-Definedness of Yang-Mills Endpoint Constructions Determinacy, Identity, and Uniqueness on Fixed Domains",MILLENNIUM_ZIP_Admissibility_and_the_Well_Definedness_of_Yang_Mills_Endpoint_Constructions.pdf,Page 86; formal number VIII.77,Theorem,"forces fixation of the bounded local gauge-invariant observable content, the","forces fixation of the bounded local gauge-invariant observable content, the vacuum restriction, and the local time-translation dynamics up to lawful AQFT equivalence. This is case (i). The dynamical uniqueness lemma proved earlier in this section then identifies the canonical local vacuum sector of T(G) e with the predecessor vacuum representation, and Theorem VIII.33 shows...","Theorem VIII.77 forces fixation of the bounded local gauge-invariant observable content, the vacuum restriction, and the local time-translation dynamics up to lawful AQFT equivalence. This is case (i). The dynamical uniqueness lemma proved earlier in this section then identifies the canonical local vacuum sector of T(G) e with the predecessor vacuum representation, and Theorem VIII.33 shows that every further same-theory enlargement falls under the completion classification theorem already proved. If, on the other hand, T(G) e is not a realization of the same theory on the same domain, then by Theorem VIII.77 the failure of local fixation is not a harmless same-domain difference: it changes the bounded local observable/dynamical content and therefore defines a different theory object. This is case (ii). The final equivalence statement is exactly the operator-algebraic reading of Theorems VIII.33 and VIII.76: once the local theorem object is fixed, any purported further same-domain structure either has no independent work, is a forbidden same-domain extension, violates conservation, or collapses extensionally back to the same gate/interior.","MILLENNIUM_ZIP_Admissibility_and_the_Well_Definedness_of_Yang_Mills_Endpoint_Constructions.pdf, p. 86",,Candidate canonical object from source PDF,Physics structural-recovery layer,"Standard Model, gauge, charge, chiral, Yang-Mills, Navier-Stokes, mass, mixing, phase, holonomy recovery","Directly constrains admissibility, standing, reference fixation, confirmation, identity preservation, well-definedness, or irreversibility.","Controls AASC interface formation, metric/nonmetric status, admissible interior, quotient/projection, OS/Wightman reconstruction, or bookkeeping interpretation.","Provides closure, exhaustion, minimality, uniqueness, rigidity, maximality, gap/smoothness, forced-existence, forcing, or certificate support.",Gate/envelope/scope/modality/classification/audit-control role.,"Blocks illicit primitive, repair, surrogate, overreach, compatibility, sector, or standing-laundering moves.","Controls admissible construction or application in a formal, physical, analytic, sector, numerical, or engineering regime."
G_classification_uniqueness,85,MIL-MILLENNIUM_ZIP_Admissibility_and_B8E75C-COR-020,"Admissibility and the Well-Definedness of Yang-Mills Endpoint Constructions Determinacy, Identity, and Uniqueness on Fixed Domains",MILLENNIUM_ZIP_Admissibility_and_the_Well_Definedness_of_Yang_Mills_Endpoint_Constructions.pdf,Page 87; formal number VIII.80,Corollary,Clay endpoint under AQFT individuation and completion,"Let T(G) e be any Clay-admissible Yang-Mills realization for the fixed gauge group G that is a realization of the same Yang-Mills theory on the same domain as the predecessor local theorem object. Then T(G) e is uniquely locally equivalent on its canonical local vacuum sector to the predecessor local theorem object, every further admissible enlargement is a theorem-scope...","Corollary VIII.80 (Clay endpoint under AQFT individuation and completion). Let T(G) e be any Clay-admissible Yang-Mills realization for the fixed gauge group G that is a realization of the same Yang-Mills theory on the same domain as the predecessor local theorem object. Then T(G) e is uniquely locally equivalent on its canonical local vacuum sector to the predecessor local theorem object, every further admissible enlargement is a theorem-scope admissible completion, and therefore its Hamiltonian satisfies","MILLENNIUM_ZIP_Admissibility_and_the_Well_Definedness_of_Yang_Mills_Endpoint_Constructions.pdf, p. 87",,Candidate canonical object from source PDF,Physics structural-recovery layer,"Standard Model, gauge, charge, chiral, Yang-Mills, Navier-Stokes, mass, mixing, phase, holonomy recovery","Directly constrains admissibility, standing, reference fixation, confirmation, identity preservation, well-definedness, or irreversibility.",,"Provides closure, exhaustion, minimality, uniqueness, rigidity, maximality, gap/smoothness, forced-existence, forcing, or certificate support.",Gate/envelope/scope/modality/classification/audit-control role.,,"Controls admissible construction or application in a formal, physical, analytic, sector, numerical, or engineering regime."
G_classification_uniqueness,84,AASC4-P01-DEF-006,A Classification Theorem for Admissible Standard-Model Structures Uniqueness Under Standing-Preserving and Transport Constraints,A_Classification_Theorem_for_Admissible_Standard_Model_Structures.pdf,Page 6; formal number 3.5,Definition,Identity-preserving equivalence,"Two admissible bookkeeping structures O1 and O2 are identity-preservingly equivalent, written O1 ≃Ad O2 , when there are admissible maps between them whose induced maps on standing quotients are inverse bijections and whose action preserves the witness…","Definition 3.5 (Identity-preserving equivalence). Two admissible bookkeeping structures O1 and O2 are identity-preservingly equivalent, written O1 ≃Ad O2 , when there are admissible maps between them whose induced maps on standing quotients are inverse bijections and whose action preserves the witness family, role typing, envelope-boundary status, transport interface, and admissible continuation structure. Equivalence is therefore uniqueness up to skin-level redescription, not literal equality of notation, coordinate choice, gauge, basis, or presentation.","A_Classification_Theorem_for_Admissible_Standard_Model_Structures.pdf, p. 6",Superseded by hardened May 27 ERK version,Candidate canonical object from source PDF; Superseded older version retained for provenance,Kernel/interface/closure layer,"admissibility, bivalence, AMetric, ATS, exhaustion, interior uniqueness",Defines/enforces kernel admissibility or standing conditions,Constrains interface/quotient/transport behavior,Supports closure-by-exhaustion or uniqueness control,Gate/classifier or selector-control role,,Controls admissible construction/description/object identity
G_classification_uniqueness,84,AASC4-P01-DEF-007,A Classification Theorem for Admissible Standard-Model Structures Uniqueness Under Standing-Preserving and Transport Constraints,A_Classification_Theorem_for_Admissible_Standard_Model_Structures.pdf,Page 6; formal number 3.6,Definition,Identity-preserving equivalence class,The identity-preserving equivalence class of an occupant O is [O]Ad := {O′ ∈ BAASC : O′ ≃Ad O}.,Definition 3.6 (Identity-preserving equivalence class). The identity-preserving equivalence class of an occupant O is [O]Ad := {O′ ∈ BAASC : O′ ≃Ad O}.,"A_Classification_Theorem_for_Admissible_Standard_Model_Structures.pdf, p. 6",Superseded by hardened May 27 ERK version,Candidate canonical object from source PDF; Superseded older version retained for provenance,General AASC corpus layer,general admissibility-control object,Defines/enforces kernel admissibility or standing conditions,,Supports closure-by-exhaustion or uniqueness control,Gate/classifier or selector-control role,,Controls admissible construction/description/object identity
G_classification_uniqueness,74,RP-R02-PRO-006,Standing Localization and the Origin of Physical Locality A Bounded-Locus Theorem for Standing-Bearing Persistence,R2_Standing_Localization_and_the_Origin_of_Physical_Locality.pdf,Page 12; formal number 8.2,Proposition,Uniqueness up to bounded-localization equivalence,"If BD and BD the same localization profile under lawful same-domain redescription, then ′ BD ≡Bound BD .","Proposition 8.2 (Uniqueness up to bounded-localization equivalence). If BD and BD the same localization profile under lawful same-domain redescription, then ′ BD ≡Bound BD .","R2_Standing_Localization_and_the_Origin_of_Physical_Locality.pdf, p. 12",,Candidate canonical object from source PDF,Realized physics / locality and domain-formation layer,"standing localization, continuation loci, local-domain origin",Applies kernel admissibility/standing/irreversibility to physical realization.,"Constrains interface formation: continuation, locality, comparison, quotient, transport, or boundary behavior.",Supports closure/exclusion/minimality control in the realized-physics arc.,Boundary/classification/presentation-control role.,,Controls admissible physical role construction and identity-preserving deployment.
G_classification_uniqueness,74,DCU-Dynamic_constant_uniqueness_P1_68EE6C-DEF-005,"The Standing Fixity of Physical Constants Admissibility Constraints on Fine-Tuning, Anthropic Selection, and Multiverse Variation",Dynamic_constant_uniqueness_P1_The_Standing_Fixity_of_Physical_Constants.pdf,Page 8; formal number 3.2,Definition,Standing identity,A standing identity is an equivalence class of presentations under admissible redescription. Two presentations stand for the same physical object only when they lie in the same admissibility-preserving equivalence class.,Definition 3.2 (Standing identity). A standing identity is an equivalence class of presentations under admissible redescription. Two presentations stand for the same physical object only when they lie in the same admissibility-preserving equivalence class.,"Dynamic_constant_uniqueness_P1_The_Standing_Fixity_of_Physical_Constants.pdf, p. 8",,Candidate canonical object from source PDF,Kernel / admissibility-standing-reference-irreversibility,"kernel primitives, standing, reference, admissibility, irreversibility","Directly constrains admissibility, standing, reference fixation, confirmation, identity preservation, or irreversibility.",,"Provides closure, exhaustion, minimality, uniqueness, rigidity, maximality, forcing, or certificate support.",Gate/envelope/scope/modality/classification/audit-control role.,,"Controls admissible construction or application in a formal, physical, agentic, numerical, or engineering regime."
H_solved_bridge_comparison,27,ERK20260527-New_erk_files_May_8962DE-THM-030,"Admissible Record Construction in Physically Non-Selective Quantum Regimes Fixed-Domain Quotients, Boundary-Trace Fixation, and Constructional Determinacy Overview. This manuscript treats the measurement problem as a fixed-domain",New_erk_files_May_27_Admissible_Record_Construction_in_Physically_Non_Selective_Quantum_Regimes.pdf,Page 52; formal number 11.4,Theorem,Unresolved admissible divergence destabilizes theory-level science,"Under the standing conditional of Section 2, unresolved admissible divergence in record-fixation assignments for measurement records makes fixed-domain ordering of constructed hypotheses under admissible record reuse, and with it the retained-record reuse/prospective-record reuse/deliberative guidance package built around those records, assignment-relative...","Theorem 11.4 (Unresolved admissible divergence destabilizes theory-level science). Under the standing conditional of Section 2, unresolved admissible divergence in record-fixation assignments for measurement records makes fixed-domain ordering of constructed hypotheses under admissible record reuse, and with it the retained-record reuse/prospective-record reuse/deliberative guidance package built around those records, assignment-relative rather than construction-relative.","New_erk_files_May_27_Admissible_Record_Construction_in_Physically_Non_Selective_Quantum_Regimes.pdf, p. 52",Preferred hardened version,Preferred hardened candidate from May 27 ERK source PDF,Kernel / admissibility-standing-reference-irreversibility,"kernel primitives, standing, reference, admissibility, irreversibility","Directly constrains admissibility, standing, reference fixation, confirmation, identity preservation, non-degeneracy, or irreversibility.","Controls AASC interface formation, metric/nonmetric status, admissible interior, quotient/projection, or bookkeeping interpretation.",,Gate/envelope/scope/modality/classification/audit-control role.,,"Controls admissible construction or application in a formal, physical, agentic, numerical, or engineering regime."
H_solved_bridge_comparison,27,ERK20260527-New_erk_files_May_879CB5-DEF-014,Continuation-Locus Induction under Admissibility-Bearing Governance A Fixed-Domain Persistence Theorem under AASC,New_erk_files_May_27_Continuation_Locus_Induction_under_Admissibility_Bearing_Governance.pdf,Page 14; formal number 10.1,Definition,Resolved locus preorder,A resolved locus preorder ⪯D on locus quotients is a same-domain order of standing-relevant inclusion or role-subsumption. It is admissible only if it is preserved under lawful redescription and quotient identity.,Definition 10.1 (Resolved locus preorder). A resolved locus preorder ⪯D on locus quotients is a same-domain order of standing-relevant inclusion or role-subsumption. It is admissible only if it is preserved under lawful redescription and quotient identity.,"New_erk_files_May_27_Continuation_Locus_Induction_under_Admissibility_Bearing_Governance.pdf, p. 14",Preferred hardened version,Preferred hardened candidate from May 27 ERK source PDF,Kernel / admissibility-standing-reference-irreversibility,"kernel primitives, standing, reference, admissibility, irreversibility","Directly constrains admissibility, standing, reference fixation, confirmation, identity preservation, non-degeneracy, or irreversibility.","Controls AASC interface formation, metric/nonmetric status, admissible interior, quotient/projection, or bookkeeping interpretation.","Provides closure, exhaustion, minimality, uniqueness, rigidity, maximality, forcing, or certificate support.",Gate/envelope/scope/modality/classification/audit-control role.,,
H_solved_bridge_comparison,27,ERK20260527-New_erk_files_May_879CB5-DEF-015,Continuation-Locus Induction under Admissibility-Bearing Governance A Fixed-Domain Persistence Theorem under AASC,New_erk_files_May_27_Continuation_Locus_Induction_under_Admissibility_Bearing_Governance.pdf,Page 14; formal number 10.2,Definition,Well-founded resolved locus domain,"A resolved locus domain is well-founded iff every nonempty family of continuation-locus quotients has a ⪯D -minimal element, or equivalently iff no infinite strictly descending chain of standing-relevant proper subloci is available in the fixed domain.","Definition 10.2 (Well-founded resolved locus domain). A resolved locus domain is well-founded iff every nonempty family of continuation-locus quotients has a ⪯D -minimal element, or equivalently iff no infinite strictly descending chain of standing-relevant proper subloci is available in the fixed domain.","New_erk_files_May_27_Continuation_Locus_Induction_under_Admissibility_Bearing_Governance.pdf, p. 14",Preferred hardened version,Preferred hardened candidate from May 27 ERK source PDF,Kernel / admissibility-standing-reference-irreversibility,"kernel primitives, standing, reference, admissibility, irreversibility","Directly constrains admissibility, standing, reference fixation, confirmation, identity preservation, non-degeneracy, or irreversibility.","Controls AASC interface formation, metric/nonmetric status, admissible interior, quotient/projection, or bookkeeping interpretation.","Provides closure, exhaustion, minimality, uniqueness, rigidity, maximality, forcing, or certificate support.",,,
H_solved_bridge_comparison,25,AASC-MR1-DEF-003,Metric-Relative Exactness after Non-Primitive Metricity,MR1 Metric_Relative Exactness after Non_Primitive Metricity/Metric_Relative_Exactness_after_Non_Primitive_Metricity.pdf,§3.1 / Definition 3.3,Definition,Common-scale action,Defines the unresolved one-dimensional scale freedom quotiented by ratios and shapes.,"A common-scale action maps (x1,...,xn) to (lambda x1,...,lambda xn), lambda>0, while preserving target identity, carrier role, quotient typing, and relative comparison structure.","MR1 §3.1, Def. 3.3; §3.2",,Pilot-ingested from canonical MR1 PDF; append-only.,AASC numerical-readiness / metric-relative reconstruction layer,MR Mass Ratio ARC / MR1 exactness-order paper,,Formalizes unresolved metric scale under non-primitive metricity.,Identifies the residual freedom whose non-exhaustion blocks raw absolute exactness.,,,Defines the action quotiented by ratio/shape objects.
H_solved_bridge_comparison,25,AASC-MR1-THM-001,Metric-Relative Exactness after Non-Primitive Metricity,MR1 Metric_Relative Exactness after Non_Primitive Metricity/Metric_Relative_Exactness_after_Non_Primitive_Metricity.pdf,§7 / Theorem 7.2,Theorem,Metric-Relative Priority Theorem,"Main MR1 ordering result: after non-primitive metricity, calibration-free relative skeleton is the first lawful exactness target.","When metricity is non-primitive and a directly metric-valued target family retains unresolved common-scale freedom preserving certified relative content, raw absolute representatives require additional scale-anchor fixation, while ratios and shape classes remain legitimate target classes.","MR1 §7, Theorem 7.2",,Pilot-ingested from canonical MR1 PDF; append-only.,AASC numerical-readiness / metric-relative reconstruction layer,MR Mass Ratio ARC / MR1 exactness-order paper,Uses admissibility/standing constraints to order numerical targets.,Applies AMetric/non-primitive metricity boundary to numerical exactness.,Relative target classes survive unresolved scale; absolute target does not.,Exactness-status gate.,,Foundation for metric-relative reconstruction arcs.
H_solved_bridge_comparison,25,AASC-MR3-THM-011,Spectral and Hierarchy Sources of Metric-Relative Shape,MR3 Spectral and Hierarchy Sources of Metric_Relative Shape/Spectral_and_Hierarchy_Sources_of_Metric_Relative_Shape.pdf,MR3 §18 / Thm. 18.1,Theorem,Source insufficiency theorem,Defines MR3 fail conditions and prevents overclaiming source strength.,"A source candidate fails to produce source-collapsing status if carrier standing, quotient stability, transport, normalization, calibration ancestry, extraction, target alignment, or restriction strength remains unresolved.",MR3 §18 / Thm. 18.1,,Batch-ingested from canonical MR PDF; append-only.,AASC numerical-readiness / metric-relative reconstruction layer,MR Mass Ratio ARC / MR3 spectral/hierarchy source paper,,,,,No source-collapsing status when any required ledger is unresolved.,
